Sample in Buffer,Sample in Window,TRIGGER,design_1_i/system_ila_0/inst/net_slot_0_axis_tdata[31:0],design_1_i/system_ila_0/inst/net_slot_0_axis_tkeep[3:0],design_1_i/system_ila_0/inst/net_slot_0_axis_tvalid,design_1_i/system_ila_0/inst/net_slot_0_axis_tready,design_1_i/system_ila_0/inst/net_slot_0_axis_tlast,Interface_(i1:s0)_(axi_dma_0_M_AXIS_MM2S)[2:0],T_Channel_(i1:s0)_(axi_dma_0_M_AXIS_MM2S)[2:0]
Radix - UNSIGNED,UNSIGNED,UNSIGNED,HEX,HEX,HEX,HEX,HEX,HEX,HEX
0,0,0,00000000,e,0,1,0,"_","_"
1,1,0,00000000,e,0,1,0,"_","_"
2,2,0,00000000,e,0,1,0,"_","_"
3,3,0,00000000,e,0,1,0,"_","_"
4,4,0,00000000,e,0,1,0,"_","_"
5,5,0,00000000,e,0,1,0,"_","_"
6,6,0,00000000,e,0,1,0,"_","_"
7,7,0,00000000,e,0,1,0,"_","_"
8,8,0,00000000,e,0,1,0,"_","_"
9,9,0,00000000,e,0,1,0,"_","_"
10,10,0,00000000,e,0,1,0,"_","_"
11,11,0,00000000,e,0,1,0,"_","_"
12,12,0,00000000,e,0,1,0,"_","_"
13,13,0,00000000,e,0,1,0,"_","_"
14,14,0,00000000,e,0,1,0,"_","_"
15,15,0,00000000,e,0,1,0,"_","_"
16,16,0,00000000,e,0,1,0,"_","_"
17,17,0,00000000,e,0,1,0,"_","_"
18,18,0,00000000,e,0,1,0,"_","_"
19,19,0,00000000,e,0,1,0,"_","_"
20,20,0,00000000,e,0,1,0,"_","_"
21,21,0,00000000,e,0,1,0,"_","_"
22,22,0,00000000,e,0,1,0,"_","_"
23,23,0,00000000,e,0,1,0,"_","_"
24,24,0,00000000,e,0,1,0,"_","_"
25,25,0,00000000,e,0,1,0,"_","_"
26,26,0,00000000,e,0,1,0,"_","_"
27,27,0,00000000,e,0,1,0,"_","_"
28,28,0,00000000,e,0,1,0,"_","_"
29,29,0,00000000,e,0,1,0,"_","_"
30,30,0,00000000,e,0,1,0,"_","_"
31,31,0,00000000,e,0,1,0,"_","_"
32,32,0,00000000,e,0,1,0,"_","_"
33,33,0,00000000,e,0,1,0,"_","_"
34,34,0,00000000,e,0,1,0,"_","_"
35,35,0,00000000,e,0,1,0,"_","_"
36,36,0,00000000,e,0,1,0,"_","_"
37,37,0,00000000,e,0,1,0,"_","_"
38,38,0,00000000,e,0,1,0,"_","_"
39,39,0,00000000,e,0,1,0,"_","_"
40,40,0,00000000,e,0,1,0,"_","_"
41,41,0,00000000,e,0,1,0,"_","_"
42,42,0,00000000,e,0,1,0,"_","_"
43,43,0,00000000,e,0,1,0,"_","_"
44,44,0,00000000,e,0,1,0,"_","_"
45,45,0,00000000,e,0,1,0,"_","_"
46,46,0,00000000,e,0,1,0,"_","_"
47,47,0,00000000,e,0,1,0,"_","_"
48,48,0,00000000,e,0,1,0,"_","_"
49,49,0,00000000,e,0,1,0,"_","_"
50,50,0,00000000,e,0,1,0,"_","_"
51,51,0,00000000,e,0,1,0,"_","_"
52,52,0,00000000,e,0,1,0,"_","_"
53,53,0,00000000,e,0,1,0,"_","_"
54,54,0,00000000,e,0,1,0,"_","_"
55,55,0,00000000,e,0,1,0,"_","_"
56,56,0,00000000,e,0,1,0,"_","_"
57,57,0,00000000,e,0,1,0,"_","_"
58,58,0,00000000,e,0,1,0,"_","_"
59,59,0,00000000,e,0,1,0,"_","_"
60,60,0,00000000,e,0,1,0,"_","_"
61,61,0,00000000,e,0,1,0,"_","_"
62,62,0,00000000,e,0,1,0,"_","_"
63,63,0,00000000,e,0,1,0,"_","_"
64,64,0,00000000,e,0,1,0,"_","_"
65,65,0,00000000,e,0,1,0,"_","_"
66,66,0,00000000,e,0,1,0,"_","_"
67,67,0,00000000,e,0,1,0,"_","_"
68,68,0,00000000,e,0,1,0,"_","_"
69,69,0,00000000,e,0,1,0,"_","_"
70,70,0,00000000,e,0,1,0,"_","_"
71,71,0,00000000,e,0,1,0,"_","_"
72,72,0,00000000,e,0,1,0,"_","_"
73,73,0,00000000,e,0,1,0,"_","_"
74,74,0,00000000,e,0,1,0,"_","_"
75,75,0,00000000,e,0,1,0,"_","_"
76,76,0,00000000,e,0,1,0,"_","_"
77,77,0,00000000,e,0,1,0,"_","_"
78,78,0,00000000,e,0,1,0,"_","_"
79,79,0,00000000,e,0,1,0,"_","_"
80,80,0,00000000,e,0,1,0,"_","_"
81,81,0,00000000,e,0,1,0,"_","_"
82,82,0,00000000,e,0,1,0,"_","_"
83,83,0,00000000,e,0,1,0,"_","_"
84,84,0,00000000,e,0,1,0,"_","_"
85,85,0,00000000,e,0,1,0,"_","_"
86,86,0,00000000,e,0,1,0,"_","_"
87,87,0,00000000,e,0,1,0,"_","_"
88,88,0,00000000,e,0,1,0,"_","_"
89,89,0,00000000,e,0,1,0,"_","_"
90,90,0,00000000,e,0,1,0,"_","_"
91,91,0,00000000,e,0,1,0,"_","_"
92,92,0,00000000,e,0,1,0,"_","_"
93,93,0,00000000,e,0,1,0,"_","_"
94,94,0,00000000,e,0,1,0,"_","_"
95,95,0,00000000,e,0,1,0,"_","_"
96,96,0,00000000,e,0,1,0,"_","_"
97,97,0,00000000,e,0,1,0,"_","_"
98,98,0,00000000,e,0,1,0,"_","_"
99,99,0,00000000,e,0,1,0,"_","_"
100,100,0,00000000,e,0,1,0,"_","_"
101,101,0,00000000,e,0,1,0,"_","_"
102,102,0,00000000,e,0,1,0,"_","_"
103,103,0,00000000,e,0,1,0,"_","_"
104,104,0,00000000,e,0,1,0,"_","_"
105,105,0,00000000,e,0,1,0,"_","_"
106,106,0,00000000,e,0,1,0,"_","_"
107,107,0,00000000,e,0,1,0,"_","_"
108,108,0,00000000,e,0,1,0,"_","_"
109,109,0,00000000,e,0,1,0,"_","_"
110,110,0,00000000,e,0,1,0,"_","_"
111,111,0,00000000,e,0,1,0,"_","_"
112,112,0,00000000,e,0,1,0,"_","_"
113,113,0,00000000,e,0,1,0,"_","_"
114,114,0,00000000,e,0,1,0,"_","_"
115,115,0,00000000,e,0,1,0,"_","_"
116,116,0,00000000,e,0,1,0,"_","_"
117,117,0,00000000,e,0,1,0,"_","_"
118,118,0,00000000,e,0,1,0,"_","_"
119,119,0,00000000,e,0,1,0,"_","_"
120,120,0,00000000,e,0,1,0,"_","_"
121,121,0,00000000,e,0,1,0,"_","_"
122,122,0,00000000,e,0,1,0,"_","_"
123,123,0,00000000,e,0,1,0,"_","_"
124,124,0,00000000,e,0,1,0,"_","_"
125,125,0,00000000,e,0,1,0,"_","_"
126,126,0,00000000,e,0,1,0,"_","_"
127,127,0,00000000,e,0,1,0,"_","_"
128,128,0,00000000,e,0,1,0,"_","_"
129,129,0,00000000,e,0,1,0,"_","_"
130,130,0,00000000,e,0,1,0,"_","_"
131,131,0,00000000,e,0,1,0,"_","_"
132,132,0,00000000,e,0,1,0,"_","_"
133,133,0,00000000,e,0,1,0,"_","_"
134,134,0,00000000,e,0,1,0,"_","_"
135,135,0,00000000,e,0,1,0,"_","_"
136,136,0,00000000,e,0,1,0,"_","_"
137,137,0,00000000,e,0,1,0,"_","_"
138,138,0,00000000,e,0,1,0,"_","_"
139,139,0,00000000,e,0,1,0,"_","_"
140,140,0,00000000,e,0,1,0,"_","_"
141,141,0,00000000,e,0,1,0,"_","_"
142,142,0,00000000,e,0,1,0,"_","_"
143,143,0,00000000,e,0,1,0,"_","_"
144,144,0,00000000,e,0,1,0,"_","_"
145,145,0,00000000,e,0,1,0,"_","_"
146,146,0,00000000,e,0,1,0,"_","_"
147,147,0,00000000,e,0,1,0,"_","_"
148,148,0,00000000,e,0,1,0,"_","_"
149,149,0,00000000,e,0,1,0,"_","_"
150,150,0,00000000,e,0,1,0,"_","_"
151,151,0,00000000,e,0,1,0,"_","_"
152,152,0,00000000,e,0,1,0,"_","_"
153,153,0,00000000,e,0,1,0,"_","_"
154,154,0,00000000,e,0,1,0,"_","_"
155,155,0,00000000,e,0,1,0,"_","_"
156,156,0,00000000,e,0,1,0,"_","_"
157,157,0,00000000,e,0,1,0,"_","_"
158,158,0,00000000,e,0,1,0,"_","_"
159,159,0,00000000,e,0,1,0,"_","_"
160,160,0,00000000,e,0,1,0,"_","_"
161,161,0,00000000,e,0,1,0,"_","_"
162,162,0,00000000,e,0,1,0,"_","_"
163,163,0,00000000,e,0,1,0,"_","_"
164,164,0,00000000,e,0,1,0,"_","_"
165,165,0,00000000,e,0,1,0,"_","_"
166,166,0,00000000,e,0,1,0,"_","_"
167,167,0,00000000,e,0,1,0,"_","_"
168,168,0,00000000,e,0,1,0,"_","_"
169,169,0,00000000,e,0,1,0,"_","_"
170,170,0,00000000,e,0,1,0,"_","_"
171,171,0,00000000,e,0,1,0,"_","_"
172,172,0,00000000,e,0,1,0,"_","_"
173,173,0,00000000,e,0,1,0,"_","_"
174,174,0,00000000,e,0,1,0,"_","_"
175,175,0,00000000,e,0,1,0,"_","_"
176,176,0,00000000,e,0,1,0,"_","_"
177,177,0,00000000,e,0,1,0,"_","_"
178,178,0,00000000,e,0,1,0,"_","_"
179,179,0,00000000,e,0,1,0,"_","_"
180,180,0,00000000,e,0,1,0,"_","_"
181,181,0,00000000,e,0,1,0,"_","_"
182,182,0,00000000,e,0,1,0,"_","_"
183,183,0,00000000,e,0,1,0,"_","_"
184,184,0,00000000,e,0,1,0,"_","_"
185,185,0,00000000,e,0,1,0,"_","_"
186,186,0,00000000,e,0,1,0,"_","_"
187,187,0,00000000,e,0,1,0,"_","_"
188,188,0,00000000,e,0,1,0,"_","_"
189,189,0,00000000,e,0,1,0,"_","_"
190,190,0,00000000,e,0,1,0,"_","_"
191,191,0,00000000,e,0,1,0,"_","_"
192,192,0,00000000,e,0,1,0,"_","_"
193,193,0,00000000,e,0,1,0,"_","_"
194,194,0,00000000,e,0,1,0,"_","_"
195,195,0,00000000,e,0,1,0,"_","_"
196,196,0,00000000,e,0,1,0,"_","_"
197,197,0,00000000,e,0,1,0,"_","_"
198,198,0,00000000,e,0,1,0,"_","_"
199,199,0,00000000,e,0,1,0,"_","_"
200,200,0,00000000,e,0,1,0,"_","_"
201,201,0,00000000,e,0,1,0,"_","_"
202,202,0,00000000,e,0,1,0,"_","_"
203,203,0,00000000,e,0,1,0,"_","_"
204,204,0,00000000,e,0,1,0,"_","_"
205,205,0,00000000,e,0,1,0,"_","_"
206,206,0,00000000,e,0,1,0,"_","_"
207,207,0,00000000,e,0,1,0,"_","_"
208,208,0,00000000,e,0,1,0,"_","_"
209,209,0,00000000,e,0,1,0,"_","_"
210,210,0,00000000,e,0,1,0,"_","_"
211,211,0,00000000,e,0,1,0,"_","_"
212,212,0,00000000,e,0,1,0,"_","_"
213,213,0,00000000,e,0,1,0,"_","_"
214,214,0,00000000,e,0,1,0,"_","_"
215,215,0,00000000,e,0,1,0,"_","_"
216,216,0,00000000,e,0,1,0,"_","_"
217,217,0,00000000,e,0,1,0,"_","_"
218,218,0,00000000,e,0,1,0,"_","_"
219,219,0,00000000,e,0,1,0,"_","_"
220,220,0,00000000,e,0,1,0,"_","_"
221,221,0,00000000,e,0,1,0,"_","_"
222,222,0,00000000,e,0,1,0,"_","_"
223,223,0,00000000,e,0,1,0,"_","_"
224,224,0,00000000,e,0,1,0,"_","_"
225,225,0,00000000,e,0,1,0,"_","_"
226,226,0,00000000,e,0,1,0,"_","_"
227,227,0,00000000,e,0,1,0,"_","_"
228,228,0,00000000,e,0,1,0,"_","_"
229,229,0,00000000,e,0,1,0,"_","_"
230,230,0,00000000,e,0,1,0,"_","_"
231,231,0,00000000,e,0,1,0,"_","_"
232,232,0,00000000,e,0,1,0,"_","_"
233,233,0,00000000,e,0,1,0,"_","_"
234,234,0,00000000,e,0,1,0,"_","_"
235,235,0,00000000,e,0,1,0,"_","_"
236,236,0,00000000,e,0,1,0,"_","_"
237,237,0,00000000,e,0,1,0,"_","_"
238,238,0,00000000,e,0,1,0,"_","_"
239,239,0,00000000,e,0,1,0,"_","_"
240,240,0,00000000,e,0,1,0,"_","_"
241,241,0,00000000,e,0,1,0,"_","_"
242,242,0,00000000,e,0,1,0,"_","_"
243,243,0,00000000,e,0,1,0,"_","_"
244,244,0,00000000,e,0,1,0,"_","_"
245,245,0,00000000,e,0,1,0,"_","_"
246,246,0,00000000,e,0,1,0,"_","_"
247,247,0,00000000,e,0,1,0,"_","_"
248,248,0,00000000,e,0,1,0,"_","_"
249,249,0,00000000,e,0,1,0,"_","_"
250,250,0,00000000,e,0,1,0,"_","_"
251,251,0,00000000,e,0,1,0,"_","_"
252,252,0,00000000,e,0,1,0,"_","_"
253,253,0,00000000,e,0,1,0,"_","_"
254,254,0,00000000,e,0,1,0,"_","_"
255,255,0,00000000,e,0,1,0,"_","_"
256,256,0,00000000,e,0,1,0,"_","_"
257,257,0,00000000,e,0,1,0,"_","_"
258,258,0,00000000,e,0,1,0,"_","_"
259,259,0,00000000,e,0,1,0,"_","_"
260,260,0,00000000,e,0,1,0,"_","_"
261,261,0,00000000,e,0,1,0,"_","_"
262,262,0,00000000,e,0,1,0,"_","_"
263,263,0,00000000,e,0,1,0,"_","_"
264,264,0,00000000,e,0,1,0,"_","_"
265,265,0,00000000,e,0,1,0,"_","_"
266,266,0,00000000,e,0,1,0,"_","_"
267,267,0,00000000,e,0,1,0,"_","_"
268,268,0,00000000,e,0,1,0,"_","_"
269,269,0,00000000,e,0,1,0,"_","_"
270,270,0,00000000,e,0,1,0,"_","_"
271,271,0,00000000,e,0,1,0,"_","_"
272,272,0,00000000,e,0,1,0,"_","_"
273,273,0,00000000,e,0,1,0,"_","_"
274,274,0,00000000,e,0,1,0,"_","_"
275,275,0,00000000,e,0,1,0,"_","_"
276,276,0,00000000,e,0,1,0,"_","_"
277,277,0,00000000,e,0,1,0,"_","_"
278,278,0,00000000,e,0,1,0,"_","_"
279,279,0,00000000,e,0,1,0,"_","_"
280,280,0,00000000,e,0,1,0,"_","_"
281,281,0,00000000,e,0,1,0,"_","_"
282,282,0,00000000,e,0,1,0,"_","_"
283,283,0,00000000,e,0,1,0,"_","_"
284,284,0,00000000,e,0,1,0,"_","_"
285,285,0,00000000,e,0,1,0,"_","_"
286,286,0,00000000,e,0,1,0,"_","_"
287,287,0,00000000,e,0,1,0,"_","_"
288,288,0,00000000,e,0,1,0,"_","_"
289,289,0,00000000,e,0,1,0,"_","_"
290,290,0,00000000,e,0,1,0,"_","_"
291,291,0,00000000,e,0,1,0,"_","_"
292,292,0,00000000,e,0,1,0,"_","_"
293,293,0,00000000,e,0,1,0,"_","_"
294,294,0,00000000,e,0,1,0,"_","_"
295,295,0,00000000,e,0,1,0,"_","_"
296,296,0,00000000,e,0,1,0,"_","_"
297,297,0,00000000,e,0,1,0,"_","_"
298,298,0,00000000,e,0,1,0,"_","_"
299,299,0,00000000,e,0,1,0,"_","_"
300,300,0,00000000,e,0,1,0,"_","_"
301,301,0,00000000,e,0,1,0,"_","_"
302,302,0,00000000,e,0,1,0,"_","_"
303,303,0,00000000,e,0,1,0,"_","_"
304,304,0,00000000,e,0,1,0,"_","_"
305,305,0,00000000,e,0,1,0,"_","_"
306,306,0,00000000,e,0,1,0,"_","_"
307,307,0,00000000,e,0,1,0,"_","_"
308,308,0,00000000,e,0,1,0,"_","_"
309,309,0,00000000,e,0,1,0,"_","_"
310,310,0,00000000,e,0,1,0,"_","_"
311,311,0,00000000,e,0,1,0,"_","_"
312,312,0,00000000,e,0,1,0,"_","_"
313,313,0,00000000,e,0,1,0,"_","_"
314,314,0,00000000,e,0,1,0,"_","_"
315,315,0,00000000,e,0,1,0,"_","_"
316,316,0,00000000,e,0,1,0,"_","_"
317,317,0,00000000,e,0,1,0,"_","_"
318,318,0,00000000,e,0,1,0,"_","_"
319,319,0,00000000,e,0,1,0,"_","_"
320,320,0,00000000,e,0,1,0,"_","_"
321,321,0,00000000,e,0,1,0,"_","_"
322,322,0,00000000,e,0,1,0,"_","_"
323,323,0,00000000,e,0,1,0,"_","_"
324,324,0,00000000,e,0,1,0,"_","_"
325,325,0,00000000,e,0,1,0,"_","_"
326,326,0,00000000,e,0,1,0,"_","_"
327,327,0,00000000,e,0,1,0,"_","_"
328,328,0,00000000,e,0,1,0,"_","_"
329,329,0,00000000,e,0,1,0,"_","_"
330,330,0,00000000,e,0,1,0,"_","_"
331,331,0,00000000,e,0,1,0,"_","_"
332,332,0,00000000,e,0,1,0,"_","_"
333,333,0,00000000,e,0,1,0,"_","_"
334,334,0,00000000,e,0,1,0,"_","_"
335,335,0,00000000,e,0,1,0,"_","_"
336,336,0,00000000,e,0,1,0,"_","_"
337,337,0,00000000,e,0,1,0,"_","_"
338,338,0,00000000,e,0,1,0,"_","_"
339,339,0,00000000,e,0,1,0,"_","_"
340,340,0,00000000,e,0,1,0,"_","_"
341,341,0,00000000,e,0,1,0,"_","_"
342,342,0,00000000,e,0,1,0,"_","_"
343,343,0,00000000,e,0,1,0,"_","_"
344,344,0,00000000,e,0,1,0,"_","_"
345,345,0,00000000,e,0,1,0,"_","_"
346,346,0,00000000,e,0,1,0,"_","_"
347,347,0,00000000,e,0,1,0,"_","_"
348,348,0,00000000,e,0,1,0,"_","_"
349,349,0,00000000,e,0,1,0,"_","_"
350,350,0,00000000,e,0,1,0,"_","_"
351,351,0,00000000,e,0,1,0,"_","_"
352,352,0,00000000,e,0,1,0,"_","_"
353,353,0,00000000,e,0,1,0,"_","_"
354,354,0,00000000,e,0,1,0,"_","_"
355,355,0,00000000,e,0,1,0,"_","_"
356,356,0,00000000,e,0,1,0,"_","_"
357,357,0,00000000,e,0,1,0,"_","_"
358,358,0,00000000,e,0,1,0,"_","_"
359,359,0,00000000,e,0,1,0,"_","_"
360,360,0,00000000,e,0,1,0,"_","_"
361,361,0,00000000,e,0,1,0,"_","_"
362,362,0,00000000,e,0,1,0,"_","_"
363,363,0,00000000,e,0,1,0,"_","_"
364,364,0,00000000,e,0,1,0,"_","_"
365,365,0,00000000,e,0,1,0,"_","_"
366,366,0,00000000,e,0,1,0,"_","_"
367,367,0,00000000,e,0,1,0,"_","_"
368,368,0,00000000,e,0,1,0,"_","_"
369,369,0,00000000,e,0,1,0,"_","_"
370,370,0,00000000,e,0,1,0,"_","_"
371,371,0,00000000,e,0,1,0,"_","_"
372,372,0,00000000,e,0,1,0,"_","_"
373,373,0,00000000,e,0,1,0,"_","_"
374,374,0,00000000,e,0,1,0,"_","_"
375,375,0,00000000,e,0,1,0,"_","_"
376,376,0,00000000,e,0,1,0,"_","_"
377,377,0,00000000,e,0,1,0,"_","_"
378,378,0,00000000,e,0,1,0,"_","_"
379,379,0,00000000,e,0,1,0,"_","_"
380,380,0,00000000,e,0,1,0,"_","_"
381,381,0,00000000,e,0,1,0,"_","_"
382,382,0,00000000,e,0,1,0,"_","_"
383,383,0,00000000,e,0,1,0,"_","_"
384,384,0,00000000,e,0,1,0,"_","_"
385,385,0,00000000,e,0,1,0,"_","_"
386,386,0,00000000,e,0,1,0,"_","_"
387,387,0,00000000,e,0,1,0,"_","_"
388,388,0,00000000,e,0,1,0,"_","_"
389,389,0,00000000,e,0,1,0,"_","_"
390,390,0,00000000,e,0,1,0,"_","_"
391,391,0,00000000,e,0,1,0,"_","_"
392,392,0,00000000,e,0,1,0,"_","_"
393,393,0,00000000,e,0,1,0,"_","_"
394,394,0,00000000,e,0,1,0,"_","_"
395,395,0,00000000,e,0,1,0,"_","_"
396,396,0,00000000,e,0,1,0,"_","_"
397,397,0,00000000,e,0,1,0,"_","_"
398,398,0,00000000,e,0,1,0,"_","_"
399,399,0,00000000,e,0,1,0,"_","_"
400,400,0,00000000,e,0,1,0,"_","_"
401,401,0,00000000,e,0,1,0,"_","_"
402,402,0,00000000,e,0,1,0,"_","_"
403,403,0,00000000,e,0,1,0,"_","_"
404,404,0,00000000,e,0,1,0,"_","_"
405,405,0,00000000,e,0,1,0,"_","_"
406,406,0,00000000,e,0,1,0,"_","_"
407,407,0,00000000,e,0,1,0,"_","_"
408,408,0,00000000,e,0,1,0,"_","_"
409,409,0,00000000,e,0,1,0,"_","_"
410,410,0,00000000,e,0,1,0,"_","_"
411,411,0,00000000,e,0,1,0,"_","_"
412,412,0,00000000,e,0,1,0,"_","_"
413,413,0,00000000,e,0,1,0,"_","_"
414,414,0,00000000,e,0,1,0,"_","_"
415,415,0,00000000,e,0,1,0,"_","_"
416,416,0,00000000,e,0,1,0,"_","_"
417,417,0,00000000,e,0,1,0,"_","_"
418,418,0,00000000,e,0,1,0,"_","_"
419,419,0,00000000,e,0,1,0,"_","_"
420,420,0,00000000,e,0,1,0,"_","_"
421,421,0,00000000,e,0,1,0,"_","_"
422,422,0,00000000,e,0,1,0,"_","_"
423,423,0,00000000,e,0,1,0,"_","_"
424,424,0,00000000,e,0,1,0,"_","_"
425,425,0,00000000,e,0,1,0,"_","_"
426,426,0,00000000,e,0,1,0,"_","_"
427,427,0,00000000,e,0,1,0,"_","_"
428,428,0,00000000,e,0,1,0,"_","_"
429,429,0,00000000,e,0,1,0,"_","_"
430,430,0,00000000,e,0,1,0,"_","_"
431,431,0,00000000,e,0,1,0,"_","_"
432,432,0,00000000,e,0,1,0,"_","_"
433,433,0,00000000,e,0,1,0,"_","_"
434,434,0,00000000,e,0,1,0,"_","_"
435,435,0,00000000,e,0,1,0,"_","_"
436,436,0,00000000,e,0,1,0,"_","_"
437,437,0,00000000,e,0,1,0,"_","_"
438,438,0,00000000,e,0,1,0,"_","_"
439,439,0,00000000,e,0,1,0,"_","_"
440,440,0,00000000,e,0,1,0,"_","_"
441,441,0,00000000,e,0,1,0,"_","_"
442,442,0,00000000,e,0,1,0,"_","_"
443,443,0,00000000,e,0,1,0,"_","_"
444,444,0,00000000,e,0,1,0,"_","_"
445,445,0,00000000,e,0,1,0,"_","_"
446,446,0,00000000,e,0,1,0,"_","_"
447,447,0,00000000,e,0,1,0,"_","_"
448,448,0,00000000,e,0,1,0,"_","_"
449,449,0,00000000,e,0,1,0,"_","_"
450,450,0,00000000,e,0,1,0,"_","_"
451,451,0,00000000,e,0,1,0,"_","_"
452,452,0,00000000,e,0,1,0,"_","_"
453,453,0,00000000,e,0,1,0,"_","_"
454,454,0,00000000,e,0,1,0,"_","_"
455,455,0,00000000,e,0,1,0,"_","_"
456,456,0,00000000,e,0,1,0,"_","_"
457,457,0,00000000,e,0,1,0,"_","_"
458,458,0,00000000,e,0,1,0,"_","_"
459,459,0,00000000,e,0,1,0,"_","_"
460,460,0,00000000,e,0,1,0,"_","_"
461,461,0,00000000,e,0,1,0,"_","_"
462,462,0,00000000,e,0,1,0,"_","_"
463,463,0,00000000,e,0,1,0,"_","_"
464,464,0,00000000,e,0,1,0,"_","_"
465,465,0,00000000,e,0,1,0,"_","_"
466,466,0,00000000,e,0,1,0,"_","_"
467,467,0,00000000,e,0,1,0,"_","_"
468,468,0,00000000,e,0,1,0,"_","_"
469,469,0,00000000,e,0,1,0,"_","_"
470,470,0,00000000,e,0,1,0,"_","_"
471,471,0,00000000,e,0,1,0,"_","_"
472,472,0,00000000,e,0,1,0,"_","_"
473,473,0,00000000,e,0,1,0,"_","_"
474,474,0,00000000,e,0,1,0,"_","_"
475,475,0,00000000,e,0,1,0,"_","_"
476,476,0,00000000,e,0,1,0,"_","_"
477,477,0,00000000,e,0,1,0,"_","_"
478,478,0,00000000,e,0,1,0,"_","_"
479,479,0,00000000,e,0,1,0,"_","_"
480,480,0,00000000,e,0,1,0,"_","_"
481,481,0,00000000,e,0,1,0,"_","_"
482,482,0,00000000,e,0,1,0,"_","_"
483,483,0,00000000,e,0,1,0,"_","_"
484,484,0,00000000,e,0,1,0,"_","_"
485,485,0,00000000,e,0,1,0,"_","_"
486,486,0,00000000,e,0,1,0,"_","_"
487,487,0,00000000,e,0,1,0,"_","_"
488,488,0,00000000,e,0,1,0,"_","_"
489,489,0,00000000,e,0,1,0,"_","_"
490,490,0,00000000,e,0,1,0,"_","_"
491,491,0,00000000,e,0,1,0,"_","_"
492,492,0,00000000,e,0,1,0,"_","_"
493,493,0,00000000,e,0,1,0,"_","_"
494,494,0,00000000,e,0,1,0,"_","_"
495,495,0,00000000,e,0,1,0,"_","_"
496,496,0,00000000,e,0,1,0,"_","_"
497,497,0,00000000,e,0,1,0,"_","_"
498,498,0,00000000,e,0,1,0,"_","_"
499,499,0,00000000,e,0,1,0,"_","_"
500,500,0,00000000,e,0,1,0,"_","_"
501,501,0,00000000,e,0,1,0,"_","_"
502,502,0,00000000,e,0,1,0,"_","_"
503,503,0,00000000,e,0,1,0,"_","_"
504,504,0,00000000,e,0,1,0,"_","_"
505,505,0,00000000,e,0,1,0,"_","_"
506,506,0,00000000,e,0,1,0,"_","_"
507,507,0,00000000,e,0,1,0,"_","_"
508,508,0,00000000,e,0,1,0,"_","_"
509,509,0,00000000,e,0,1,0,"_","_"
510,510,0,00000000,e,0,1,0,"_","_"
511,511,0,00000000,e,0,1,0,"_","_"
512,512,1,00000000,f,1,1,0,"Active","Stream Beat"
513,513,0,00000001,f,1,1,0,"Active","Stream Beat"
514,514,0,00000002,f,1,1,0,"Active","Stream Beat"
515,515,0,00000003,f,1,1,0,"Active","Stream Beat"
516,516,0,00000004,f,1,1,0,"Active","Stream Beat"
517,517,0,00000005,f,1,1,0,"Active","Stream Beat"
518,518,0,00000006,f,1,1,0,"Active","Stream Beat"
519,519,0,00000007,f,1,1,0,"Active","Stream Beat"
520,520,0,00000008,f,1,1,0,"Active","Stream Beat"
521,521,0,00000009,f,1,1,0,"Active","Stream Beat"
522,522,0,0000000a,f,1,1,0,"Active","Stream Beat"
523,523,0,0000000b,f,1,1,0,"Active","Stream Beat"
524,524,0,0000000c,f,1,1,0,"Active","Stream Beat"
525,525,0,0000000d,f,1,1,0,"Active","Stream Beat"
526,526,0,0000000e,f,1,1,0,"Active","Stream Beat"
527,527,0,0000000f,f,1,1,0,"Active","Stream Beat"
528,528,0,00000010,f,1,1,0,"Active","Stream Beat"
529,529,0,00000011,f,1,1,0,"Active","Stream Beat"
530,530,0,00000012,f,1,1,0,"Active","Stream Beat"
531,531,0,00000013,f,1,1,0,"Active","Stream Beat"
532,532,0,00000014,f,1,1,0,"Active","Stream Beat"
533,533,0,00000015,f,1,1,0,"Active","Stream Beat"
534,534,0,00000016,f,1,1,0,"Active","Stream Beat"
535,535,0,00000017,f,1,1,0,"Active","Stream Beat"
536,536,0,00000018,f,1,1,0,"Active","Stream Beat"
537,537,0,00000019,f,1,1,0,"Active","Stream Beat"
538,538,0,0000001a,f,1,1,0,"Active","Stream Beat"
539,539,0,0000001b,f,1,1,0,"Active","Stream Beat"
540,540,0,0000001c,f,1,1,0,"Active","Stream Beat"
541,541,0,0000001d,f,1,1,0,"Active","Stream Beat"
542,542,0,0000001e,f,1,1,0,"Active","Stream Beat"
543,543,0,0000001f,f,1,1,0,"Active","Stream Beat"
544,544,0,00000020,f,1,1,0,"Active","Stream Beat"
545,545,0,00000021,f,1,1,0,"Active","Stream Beat"
546,546,0,00000022,f,1,1,0,"Active","Stream Beat"
547,547,0,00000023,f,1,1,0,"Active","Stream Beat"
548,548,0,00000024,f,1,1,0,"Active","Stream Beat"
549,549,0,00000025,f,1,1,0,"Active","Stream Beat"
550,550,0,00000026,f,1,1,0,"Active","Stream Beat"
551,551,0,00000027,f,1,1,0,"Active","Stream Beat"
552,552,0,00000028,f,1,1,0,"Active","Stream Beat"
553,553,0,00000029,f,1,1,0,"Active","Stream Beat"
554,554,0,0000002a,f,1,1,0,"Active","Stream Beat"
555,555,0,0000002b,f,1,1,0,"Active","Stream Beat"
556,556,0,0000002c,f,1,1,0,"Active","Stream Beat"
557,557,0,0000002d,f,1,1,0,"Active","Stream Beat"
558,558,0,0000002e,f,1,1,0,"Active","Stream Beat"
559,559,0,0000002f,f,1,1,0,"Active","Stream Beat"
560,560,0,00000030,f,1,1,0,"Active","Stream Beat"
561,561,0,00000031,f,1,1,0,"Active","Stream Beat"
562,562,0,00000032,f,1,1,0,"Active","Stream Beat"
563,563,0,00000033,f,1,1,0,"Active","Stream Beat"
564,564,0,00000034,f,1,1,0,"Active","Stream Beat"
565,565,0,00000035,f,1,1,0,"Active","Stream Beat"
566,566,0,00000036,f,1,1,0,"Active","Stream Beat"
567,567,0,00000037,f,1,1,0,"Active","Stream Beat"
568,568,0,00000038,f,1,1,0,"Active","Stream Beat"
569,569,0,00000039,f,1,1,0,"Active","Stream Beat"
570,570,0,0000003a,f,1,1,0,"Active","Stream Beat"
571,571,0,0000003b,f,1,1,0,"Active","Stream Beat"
572,572,0,0000003c,f,1,1,0,"Active","Stream Beat"
573,573,0,0000003d,f,1,1,0,"Active","Stream Beat"
574,574,0,0000003e,f,1,1,0,"Active","Stream Beat"
575,575,0,0000003f,f,1,1,0,"Active","Stream Beat"
576,576,0,00000040,f,1,1,0,"Active","Stream Beat"
577,577,0,00000041,f,1,1,0,"Active","Stream Beat"
578,578,0,00000042,f,1,1,0,"Active","Stream Beat"
579,579,0,00000043,f,1,1,0,"Active","Stream Beat"
580,580,0,00000044,f,1,1,0,"Active","Stream Beat"
581,581,0,00000045,f,1,1,0,"Active","Stream Beat"
582,582,0,00000046,f,1,1,0,"Active","Stream Beat"
583,583,0,00000047,f,1,1,0,"Active","Stream Beat"
584,584,0,00000048,f,1,1,0,"Active","Stream Beat"
585,585,0,00000049,f,1,1,0,"Active","Stream Beat"
586,586,0,0000004a,f,1,1,0,"Active","Stream Beat"
587,587,0,0000004b,f,1,1,0,"Active","Stream Beat"
588,588,0,0000004c,f,1,1,0,"Active","Stream Beat"
589,589,0,0000004d,f,1,1,0,"Active","Stream Beat"
590,590,0,0000004e,f,1,1,0,"Active","Stream Beat"
591,591,0,0000004f,f,1,1,0,"Active","Stream Beat"
592,592,0,00000050,f,1,1,0,"Active","Stream Beat"
593,593,0,00000051,f,1,1,0,"Active","Stream Beat"
594,594,0,00000052,f,1,1,0,"Active","Stream Beat"
595,595,0,00000053,f,1,1,0,"Active","Stream Beat"
596,596,0,00000054,f,1,1,0,"Active","Stream Beat"
597,597,0,00000055,f,1,1,0,"Active","Stream Beat"
598,598,0,00000056,f,1,1,0,"Active","Stream Beat"
599,599,0,00000057,f,1,1,0,"Active","Stream Beat"
600,600,0,00000058,f,1,1,0,"Active","Stream Beat"
601,601,0,00000059,f,1,1,0,"Active","Stream Beat"
602,602,0,0000005a,f,1,1,0,"Active","Stream Beat"
603,603,0,0000005b,f,1,1,0,"Active","Stream Beat"
604,604,0,0000005c,f,1,1,0,"Active","Stream Beat"
605,605,0,0000005d,f,1,1,0,"Active","Stream Beat"
606,606,0,0000005e,f,1,1,0,"Active","Stream Beat"
607,607,0,0000005f,f,1,1,0,"Active","Stream Beat"
608,608,0,00000060,f,1,1,0,"Active","Stream Beat"
609,609,0,00000061,f,1,1,0,"Active","Stream Beat"
610,610,0,00000062,f,1,1,0,"Active","Stream Beat"
611,611,0,00000063,f,1,1,0,"Active","Stream Beat"
612,612,0,00000064,f,1,1,0,"Active","Stream Beat"
613,613,0,00000065,f,1,1,0,"Active","Stream Beat"
614,614,0,00000066,f,1,1,0,"Active","Stream Beat"
615,615,0,00000067,f,1,1,0,"Active","Stream Beat"
616,616,0,00000068,f,1,1,0,"Active","Stream Beat"
617,617,0,00000069,f,1,1,0,"Active","Stream Beat"
618,618,0,0000006a,f,1,1,0,"Active","Stream Beat"
619,619,0,0000006b,f,1,1,0,"Active","Stream Beat"
620,620,0,0000006c,f,1,1,0,"Active","Stream Beat"
621,621,0,0000006d,f,1,1,0,"Active","Stream Beat"
622,622,0,0000006e,f,1,1,0,"Active","Stream Beat"
623,623,0,0000006f,f,1,1,0,"Active","Stream Beat"
624,624,0,00000070,f,1,1,0,"Active","Stream Beat"
625,625,0,00000071,f,1,1,0,"Active","Stream Beat"
626,626,0,00000072,f,1,1,0,"Active","Stream Beat"
627,627,0,00000073,f,1,1,0,"Active","Stream Beat"
628,628,0,00000074,f,1,1,0,"Active","Stream Beat"
629,629,0,00000075,f,1,1,0,"Active","Stream Beat"
630,630,0,00000076,f,1,1,0,"Active","Stream Beat"
631,631,0,00000077,f,1,1,0,"Active","Stream Beat"
632,632,0,00000078,f,1,1,0,"Active","Stream Beat"
633,633,0,00000079,f,1,1,0,"Active","Stream Beat"
634,634,0,0000007a,f,1,1,0,"Active","Stream Beat"
635,635,0,0000007b,f,1,1,0,"Active","Stream Beat"
636,636,0,0000007c,f,1,1,0,"Active","Stream Beat"
637,637,0,0000007d,f,1,1,0,"Active","Stream Beat"
638,638,0,0000007e,f,1,1,0,"Active","Stream Beat"
639,639,0,0000007f,f,1,1,0,"Active","Stream Beat"
640,640,0,00000080,f,1,1,0,"Active","Stream Beat"
641,641,0,00000081,f,1,1,0,"Active","Stream Beat"
642,642,0,00000082,f,1,1,0,"Active","Stream Beat"
643,643,0,00000083,f,1,1,0,"Active","Stream Beat"
644,644,0,00000084,f,1,1,0,"Active","Stream Beat"
645,645,0,00000085,f,1,1,0,"Active","Stream Beat"
646,646,0,00000086,f,1,1,0,"Active","Stream Beat"
647,647,0,00000087,f,1,1,0,"Active","Stream Beat"
648,648,0,00000088,f,1,1,0,"Active","Stream Beat"
649,649,0,00000089,f,1,1,0,"Active","Stream Beat"
650,650,0,0000008a,f,1,1,0,"Active","Stream Beat"
651,651,0,0000008b,f,1,1,0,"Active","Stream Beat"
652,652,0,0000008c,f,1,1,0,"Active","Stream Beat"
653,653,0,0000008d,f,1,1,0,"Active","Stream Beat"
654,654,0,0000008e,f,1,1,0,"Active","Stream Beat"
655,655,0,0000008f,f,1,1,0,"Active","Stream Beat"
656,656,0,00000090,f,1,1,0,"Active","Stream Beat"
657,657,0,00000091,f,1,1,0,"Active","Stream Beat"
658,658,0,00000092,f,1,1,0,"Active","Stream Beat"
659,659,0,00000093,f,1,1,0,"Active","Stream Beat"
660,660,0,00000094,f,1,1,0,"Active","Stream Beat"
661,661,0,00000095,f,1,1,0,"Active","Stream Beat"
662,662,0,00000096,f,1,1,0,"Active","Stream Beat"
663,663,0,00000097,f,1,1,0,"Active","Stream Beat"
664,664,0,00000098,f,1,1,0,"Active","Stream Beat"
665,665,0,00000099,f,1,1,0,"Active","Stream Beat"
666,666,0,0000009a,f,1,1,0,"Active","Stream Beat"
667,667,0,0000009b,f,1,1,0,"Active","Stream Beat"
668,668,0,0000009c,f,1,1,0,"Active","Stream Beat"
669,669,0,0000009d,f,1,1,0,"Active","Stream Beat"
670,670,0,0000009e,f,1,1,0,"Active","Stream Beat"
671,671,0,0000009f,f,1,1,0,"Active","Stream Beat"
672,672,0,000000a0,f,1,1,0,"Active","Stream Beat"
673,673,0,000000a1,f,1,1,0,"Active","Stream Beat"
674,674,0,000000a2,f,1,1,0,"Active","Stream Beat"
675,675,0,000000a3,f,1,1,0,"Active","Stream Beat"
676,676,0,000000a4,f,1,1,0,"Active","Stream Beat"
677,677,0,000000a5,f,1,1,0,"Active","Stream Beat"
678,678,0,000000a6,f,1,1,0,"Active","Stream Beat"
679,679,0,000000a7,f,1,1,0,"Active","Stream Beat"
680,680,0,000000a8,f,1,1,0,"Active","Stream Beat"
681,681,0,000000a9,f,1,1,0,"Active","Stream Beat"
682,682,0,000000aa,f,1,1,0,"Active","Stream Beat"
683,683,0,000000ab,f,1,1,0,"Active","Stream Beat"
684,684,0,000000ac,f,1,1,0,"Active","Stream Beat"
685,685,0,000000ad,f,1,1,0,"Active","Stream Beat"
686,686,0,000000ae,f,1,1,0,"Active","Stream Beat"
687,687,0,000000af,f,1,1,0,"Active","Stream Beat"
688,688,0,000000b0,f,1,1,0,"Active","Stream Beat"
689,689,0,000000b1,f,1,1,0,"Active","Stream Beat"
690,690,0,000000b2,f,1,1,0,"Active","Stream Beat"
691,691,0,000000b3,f,1,1,0,"Active","Stream Beat"
692,692,0,000000b4,f,1,1,0,"Active","Stream Beat"
693,693,0,000000b5,f,1,1,0,"Active","Stream Beat"
694,694,0,000000b6,f,1,1,0,"Active","Stream Beat"
695,695,0,000000b7,f,1,1,0,"Active","Stream Beat"
696,696,0,000000b8,f,1,1,0,"Active","Stream Beat"
697,697,0,000000b9,f,1,1,0,"Active","Stream Beat"
698,698,0,000000ba,f,1,1,0,"Active","Stream Beat"
699,699,0,000000bb,f,1,1,0,"Active","Stream Beat"
700,700,0,000000bc,f,1,1,0,"Active","Stream Beat"
701,701,0,000000bd,f,1,1,0,"Active","Stream Beat"
702,702,0,000000be,f,1,1,0,"Active","Stream Beat"
703,703,0,000000bf,f,1,1,0,"Active","Stream Beat"
704,704,0,000000c0,f,1,1,0,"Active","Stream Beat"
705,705,0,000000c1,f,1,1,0,"Active","Stream Beat"
706,706,0,000000c2,f,1,1,0,"Active","Stream Beat"
707,707,0,000000c3,f,1,1,0,"Active","Stream Beat"
708,708,0,000000c4,f,1,1,0,"Active","Stream Beat"
709,709,0,000000c5,f,1,1,0,"Active","Stream Beat"
710,710,0,000000c6,f,1,1,0,"Active","Stream Beat"
711,711,0,000000c7,f,1,1,0,"Active","Stream Beat"
712,712,0,000000c8,f,1,1,0,"Active","Stream Beat"
713,713,0,000000c9,f,1,1,0,"Active","Stream Beat"
714,714,0,000000ca,f,1,1,0,"Active","Stream Beat"
715,715,0,000000cb,f,1,1,0,"Active","Stream Beat"
716,716,0,000000cc,f,1,1,0,"Active","Stream Beat"
717,717,0,000000cd,f,1,1,0,"Active","Stream Beat"
718,718,0,000000ce,f,1,1,0,"Active","Stream Beat"
719,719,0,000000cf,f,1,1,0,"Active","Stream Beat"
720,720,0,000000d0,f,1,1,0,"Active","Stream Beat"
721,721,0,000000d1,f,1,1,0,"Active","Stream Beat"
722,722,0,000000d2,f,1,1,0,"Active","Stream Beat"
723,723,0,000000d3,f,1,1,0,"Active","Stream Beat"
724,724,0,000000d4,f,1,1,0,"Active","Stream Beat"
725,725,0,000000d5,f,1,1,0,"Active","Stream Beat"
726,726,0,000000d6,f,1,1,0,"Active","Stream Beat"
727,727,0,000000d7,f,1,1,0,"Active","Stream Beat"
728,728,0,000000d8,f,1,1,0,"Active","Stream Beat"
729,729,0,000000d9,f,1,1,0,"Active","Stream Beat"
730,730,0,000000da,f,1,1,0,"Active","Stream Beat"
731,731,0,000000db,f,1,1,0,"Active","Stream Beat"
732,732,0,000000dc,f,1,1,0,"Active","Stream Beat"
733,733,0,000000dd,f,1,1,0,"Active","Stream Beat"
734,734,0,000000de,f,1,1,0,"Active","Stream Beat"
735,735,0,000000df,f,1,1,0,"Active","Stream Beat"
736,736,0,000000e0,f,1,1,0,"Active","Stream Beat"
737,737,0,000000e1,f,1,1,0,"Active","Stream Beat"
738,738,0,000000e2,f,1,1,0,"Active","Stream Beat"
739,739,0,000000e3,f,1,1,0,"Active","Stream Beat"
740,740,0,000000e4,f,1,1,0,"Active","Stream Beat"
741,741,0,000000e5,f,1,1,0,"Active","Stream Beat"
742,742,0,000000e6,f,1,1,0,"Active","Stream Beat"
743,743,0,000000e7,f,1,1,0,"Active","Stream Beat"
744,744,0,000000e8,f,1,1,0,"Active","Stream Beat"
745,745,0,000000e9,f,1,1,0,"Active","Stream Beat"
746,746,0,000000ea,f,1,1,0,"Active","Stream Beat"
747,747,0,000000eb,f,1,1,0,"Active","Stream Beat"
748,748,0,000000ec,f,1,1,0,"Active","Stream Beat"
749,749,0,000000ed,f,1,1,0,"Active","Stream Beat"
750,750,0,000000ee,f,1,1,0,"Active","Stream Beat"
751,751,0,000000ef,f,1,1,0,"Active","Stream Beat"
752,752,0,000000f0,f,1,1,0,"Active","Stream Beat"
753,753,0,000000f1,f,1,1,0,"Active","Stream Beat"
754,754,0,000000f2,f,1,1,0,"Active","Stream Beat"
755,755,0,000000f3,f,1,1,0,"Active","Stream Beat"
756,756,0,000000f4,f,1,1,0,"Active","Stream Beat"
757,757,0,000000f5,f,1,1,0,"Active","Stream Beat"
758,758,0,000000f6,f,1,1,0,"Active","Stream Beat"
759,759,0,000000f7,f,1,1,0,"Active","Stream Beat"
760,760,0,000000f8,f,1,1,0,"Active","Stream Beat"
761,761,0,000000f9,f,1,1,0,"Active","Stream Beat"
762,762,0,000000fa,f,1,1,0,"Active","Stream Beat"
763,763,0,000000fb,f,1,1,0,"Active","Stream Beat"
764,764,0,000000fc,f,1,1,0,"Active","Stream Beat"
765,765,0,000000fd,f,1,1,0,"Active","Stream Beat"
766,766,0,000000fe,f,1,1,0,"Active","Stream Beat"
767,767,0,000000ff,f,1,1,0,"Active","Stream Beat"
768,768,0,00000000,f,1,1,0,"Active","Stream Beat"
769,769,0,00000001,f,1,1,0,"Active","Stream Beat"
770,770,0,00000002,f,1,1,0,"Active","Stream Beat"
771,771,0,00000003,f,1,1,0,"Active","Stream Beat"
772,772,0,00000004,f,1,1,0,"Active","Stream Beat"
773,773,0,00000005,f,1,1,0,"Active","Stream Beat"
774,774,0,00000006,f,1,1,0,"Active","Stream Beat"
775,775,0,00000007,f,1,1,0,"Active","Stream Beat"
776,776,0,00000008,f,1,1,0,"Active","Stream Beat"
777,777,0,00000009,f,1,1,0,"Active","Stream Beat"
778,778,0,0000000a,f,1,1,0,"Active","Stream Beat"
779,779,0,0000000b,f,1,1,0,"Active","Stream Beat"
780,780,0,0000000c,f,1,1,0,"Active","Stream Beat"
781,781,0,0000000d,f,1,1,0,"Active","Stream Beat"
782,782,0,0000000e,f,1,1,0,"Active","Stream Beat"
783,783,0,0000000f,f,1,1,0,"Active","Stream Beat"
784,784,0,00000010,f,1,1,0,"Active","Stream Beat"
785,785,0,00000011,f,1,1,0,"Active","Stream Beat"
786,786,0,00000012,f,1,1,0,"Active","Stream Beat"
787,787,0,00000013,f,1,1,0,"Active","Stream Beat"
788,788,0,00000014,f,1,1,0,"Active","Stream Beat"
789,789,0,00000015,f,1,1,0,"Active","Stream Beat"
790,790,0,00000016,f,1,1,0,"Active","Stream Beat"
791,791,0,00000017,f,1,1,0,"Active","Stream Beat"
792,792,0,00000018,f,1,1,0,"Active","Stream Beat"
793,793,0,00000019,f,1,1,0,"Active","Stream Beat"
794,794,0,0000001a,f,1,1,0,"Active","Stream Beat"
795,795,0,0000001b,f,1,1,0,"Active","Stream Beat"
796,796,0,0000001c,f,1,1,0,"Active","Stream Beat"
797,797,0,0000001d,f,1,1,0,"Active","Stream Beat"
798,798,0,0000001e,f,1,1,0,"Active","Stream Beat"
799,799,0,0000001f,f,1,1,0,"Active","Stream Beat"
800,800,0,00000020,f,1,1,0,"Active","Stream Beat"
801,801,0,00000021,f,1,1,0,"Active","Stream Beat"
802,802,0,00000022,f,1,1,0,"Active","Stream Beat"
803,803,0,00000023,f,1,1,0,"Active","Stream Beat"
804,804,0,00000024,f,1,1,0,"Active","Stream Beat"
805,805,0,00000025,f,1,1,0,"Active","Stream Beat"
806,806,0,00000026,f,1,1,0,"Active","Stream Beat"
807,807,0,00000027,f,1,1,0,"Active","Stream Beat"
808,808,0,00000028,f,1,1,0,"Active","Stream Beat"
809,809,0,00000029,f,1,1,0,"Active","Stream Beat"
810,810,0,0000002a,f,1,1,0,"Active","Stream Beat"
811,811,0,0000002b,f,1,1,0,"Active","Stream Beat"
812,812,0,0000002c,f,1,1,0,"Active","Stream Beat"
813,813,0,0000002d,f,1,1,0,"Active","Stream Beat"
814,814,0,0000002e,f,1,1,0,"Active","Stream Beat"
815,815,0,0000002f,f,1,1,0,"Active","Stream Beat"
816,816,0,00000030,f,1,1,0,"Active","Stream Beat"
817,817,0,00000031,f,1,1,0,"Active","Stream Beat"
818,818,0,00000032,f,1,1,0,"Active","Stream Beat"
819,819,0,00000033,f,1,1,0,"Active","Stream Beat"
820,820,0,00000034,f,1,1,0,"Active","Stream Beat"
821,821,0,00000035,f,1,1,0,"Active","Stream Beat"
822,822,0,00000036,f,1,1,0,"Active","Stream Beat"
823,823,0,00000037,f,1,1,0,"Active","Stream Beat"
824,824,0,00000038,f,1,1,0,"Active","Stream Beat"
825,825,0,00000039,f,1,1,0,"Active","Stream Beat"
826,826,0,0000003a,f,1,1,0,"Active","Stream Beat"
827,827,0,0000003b,f,1,1,0,"Active","Stream Beat"
828,828,0,0000003c,f,1,1,0,"Active","Stream Beat"
829,829,0,0000003d,f,1,1,0,"Active","Stream Beat"
830,830,0,0000003e,f,1,1,0,"Active","Stream Beat"
831,831,0,0000003f,f,1,1,0,"Active","Stream Beat"
832,832,0,00000040,f,1,1,0,"Active","Stream Beat"
833,833,0,00000041,f,1,1,0,"Active","Stream Beat"
834,834,0,00000042,f,1,1,0,"Active","Stream Beat"
835,835,0,00000043,f,1,1,0,"Active","Stream Beat"
836,836,0,00000044,f,1,1,0,"Active","Stream Beat"
837,837,0,00000045,f,1,1,0,"Active","Stream Beat"
838,838,0,00000046,f,1,1,0,"Active","Stream Beat"
839,839,0,00000047,f,1,1,0,"Active","Stream Beat"
840,840,0,00000048,f,1,1,0,"Active","Stream Beat"
841,841,0,00000049,f,1,1,0,"Active","Stream Beat"
842,842,0,0000004a,f,1,1,0,"Active","Stream Beat"
843,843,0,0000004b,f,1,1,0,"Active","Stream Beat"
844,844,0,0000004c,f,1,1,0,"Active","Stream Beat"
845,845,0,0000004d,f,1,1,0,"Active","Stream Beat"
846,846,0,0000004e,f,1,1,0,"Active","Stream Beat"
847,847,0,0000004f,f,1,1,0,"Active","Stream Beat"
848,848,0,00000050,f,1,1,0,"Active","Stream Beat"
849,849,0,00000051,f,1,1,0,"Active","Stream Beat"
850,850,0,00000052,f,1,1,0,"Active","Stream Beat"
851,851,0,00000053,f,1,1,0,"Active","Stream Beat"
852,852,0,00000054,f,1,1,0,"Active","Stream Beat"
853,853,0,00000055,f,1,1,0,"Active","Stream Beat"
854,854,0,00000056,f,1,1,0,"Active","Stream Beat"
855,855,0,00000057,f,1,1,0,"Active","Stream Beat"
856,856,0,00000058,f,1,1,0,"Active","Stream Beat"
857,857,0,00000059,f,1,1,0,"Active","Stream Beat"
858,858,0,0000005a,f,1,1,0,"Active","Stream Beat"
859,859,0,0000005b,f,1,1,0,"Active","Stream Beat"
860,860,0,0000005c,f,1,1,0,"Active","Stream Beat"
861,861,0,0000005d,f,1,1,0,"Active","Stream Beat"
862,862,0,0000005e,f,1,1,0,"Active","Stream Beat"
863,863,0,0000005f,f,1,1,0,"Active","Stream Beat"
864,864,0,00000060,f,1,1,0,"Active","Stream Beat"
865,865,0,00000061,f,1,1,0,"Active","Stream Beat"
866,866,0,00000062,f,1,1,0,"Active","Stream Beat"
867,867,0,00000063,f,1,1,0,"Active","Stream Beat"
868,868,0,00000064,f,1,1,0,"Active","Stream Beat"
869,869,0,00000065,f,1,1,0,"Active","Stream Beat"
870,870,0,00000066,f,1,1,0,"Active","Stream Beat"
871,871,0,00000067,f,1,1,0,"Active","Stream Beat"
872,872,0,00000068,f,1,1,0,"Active","Stream Beat"
873,873,0,00000069,f,1,1,0,"Active","Stream Beat"
874,874,0,0000006a,f,1,1,0,"Active","Stream Beat"
875,875,0,0000006b,f,1,1,0,"Active","Stream Beat"
876,876,0,0000006c,f,1,1,0,"Active","Stream Beat"
877,877,0,0000006d,f,1,1,0,"Active","Stream Beat"
878,878,0,0000006e,f,1,1,0,"Active","Stream Beat"
879,879,0,0000006f,f,1,1,0,"Active","Stream Beat"
880,880,0,00000070,f,1,1,0,"Active","Stream Beat"
881,881,0,00000071,f,1,1,0,"Active","Stream Beat"
882,882,0,00000072,f,1,1,0,"Active","Stream Beat"
883,883,0,00000073,f,1,1,0,"Active","Stream Beat"
884,884,0,00000074,f,1,1,0,"Active","Stream Beat"
885,885,0,00000075,f,1,1,0,"Active","Stream Beat"
886,886,0,00000076,f,1,1,0,"Active","Stream Beat"
887,887,0,00000077,f,1,1,0,"Active","Stream Beat"
888,888,0,00000078,f,1,1,0,"Active","Stream Beat"
889,889,0,00000079,f,1,1,0,"Active","Stream Beat"
890,890,0,0000007a,f,1,1,0,"Active","Stream Beat"
891,891,0,0000007b,f,1,1,0,"Active","Stream Beat"
892,892,0,0000007c,f,1,1,0,"Active","Stream Beat"
893,893,0,0000007d,f,1,1,0,"Active","Stream Beat"
894,894,0,0000007e,f,1,1,0,"Active","Stream Beat"
895,895,0,0000007f,f,1,1,0,"Active","Stream Beat"
896,896,0,00000080,f,1,1,0,"Active","Stream Beat"
897,897,0,00000081,f,1,1,0,"Active","Stream Beat"
898,898,0,00000082,f,1,1,0,"Active","Stream Beat"
899,899,0,00000083,f,1,1,0,"Active","Stream Beat"
900,900,0,00000084,f,1,1,0,"Active","Stream Beat"
901,901,0,00000085,f,1,1,0,"Active","Stream Beat"
902,902,0,00000086,f,1,1,0,"Active","Stream Beat"
903,903,0,00000087,f,1,1,0,"Active","Stream Beat"
904,904,0,00000088,f,1,1,0,"Active","Stream Beat"
905,905,0,00000089,f,1,1,0,"Active","Stream Beat"
906,906,0,0000008a,f,1,1,0,"Active","Stream Beat"
907,907,0,0000008b,f,1,1,0,"Active","Stream Beat"
908,908,0,0000008c,f,1,1,0,"Active","Stream Beat"
909,909,0,0000008d,f,1,1,0,"Active","Stream Beat"
910,910,0,0000008e,f,1,1,0,"Active","Stream Beat"
911,911,0,0000008f,f,1,1,0,"Active","Stream Beat"
912,912,0,00000090,f,1,1,0,"Active","Stream Beat"
913,913,0,00000091,f,1,1,0,"Active","Stream Beat"
914,914,0,00000092,f,1,1,0,"Active","Stream Beat"
915,915,0,00000093,f,1,1,0,"Active","Stream Beat"
916,916,0,00000094,f,1,1,0,"Active","Stream Beat"
917,917,0,00000095,f,1,1,0,"Active","Stream Beat"
918,918,0,00000096,f,1,1,0,"Active","Stream Beat"
919,919,0,00000097,f,1,1,0,"Active","Stream Beat"
920,920,0,00000098,f,1,1,0,"Active","Stream Beat"
921,921,0,00000099,f,1,1,0,"Active","Stream Beat"
922,922,0,0000009a,f,1,1,0,"Active","Stream Beat"
923,923,0,0000009b,f,1,1,0,"Active","Stream Beat"
924,924,0,0000009c,f,1,1,0,"Active","Stream Beat"
925,925,0,0000009d,f,1,1,0,"Active","Stream Beat"
926,926,0,0000009e,f,1,1,0,"Active","Stream Beat"
927,927,0,0000009f,f,1,1,0,"Active","Stream Beat"
928,928,0,000000a0,f,1,1,0,"Active","Stream Beat"
929,929,0,000000a1,f,1,1,0,"Active","Stream Beat"
930,930,0,000000a2,f,1,1,0,"Active","Stream Beat"
931,931,0,000000a3,f,1,1,0,"Active","Stream Beat"
932,932,0,000000a4,f,1,1,0,"Active","Stream Beat"
933,933,0,000000a5,f,1,1,0,"Active","Stream Beat"
934,934,0,000000a6,f,1,1,0,"Active","Stream Beat"
935,935,0,000000a7,f,1,1,0,"Active","Stream Beat"
936,936,0,000000a8,f,1,1,0,"Active","Stream Beat"
937,937,0,000000a9,f,1,1,0,"Active","Stream Beat"
938,938,0,000000aa,f,1,1,0,"Active","Stream Beat"
939,939,0,000000ab,f,1,1,0,"Active","Stream Beat"
940,940,0,000000ac,f,1,1,0,"Active","Stream Beat"
941,941,0,000000ad,f,1,1,0,"Active","Stream Beat"
942,942,0,000000ae,f,1,1,0,"Active","Stream Beat"
943,943,0,000000af,f,1,1,0,"Active","Stream Beat"
944,944,0,000000b0,f,1,1,0,"Active","Stream Beat"
945,945,0,000000b1,f,1,1,0,"Active","Stream Beat"
946,946,0,000000b2,f,1,1,0,"Active","Stream Beat"
947,947,0,000000b3,f,1,1,0,"Active","Stream Beat"
948,948,0,000000b4,f,1,1,0,"Active","Stream Beat"
949,949,0,000000b5,f,1,1,0,"Active","Stream Beat"
950,950,0,000000b6,f,1,1,0,"Active","Stream Beat"
951,951,0,000000b7,f,1,1,0,"Active","Stream Beat"
952,952,0,000000b8,f,1,1,0,"Active","Stream Beat"
953,953,0,000000b9,f,1,1,0,"Active","Stream Beat"
954,954,0,000000ba,f,1,1,0,"Active","Stream Beat"
955,955,0,000000bb,f,1,1,0,"Active","Stream Beat"
956,956,0,000000bc,f,1,1,0,"Active","Stream Beat"
957,957,0,000000bd,f,1,1,0,"Active","Stream Beat"
958,958,0,000000be,f,1,1,0,"Active","Stream Beat"
959,959,0,000000bf,f,1,1,0,"Active","Stream Beat"
960,960,0,000000c0,f,1,1,0,"Active","Stream Beat"
961,961,0,000000c1,f,1,1,0,"Active","Stream Beat"
962,962,0,000000c2,f,1,1,0,"Active","Stream Beat"
963,963,0,000000c3,f,1,1,0,"Active","Stream Beat"
964,964,0,000000c4,f,1,1,0,"Active","Stream Beat"
965,965,0,000000c5,f,1,1,0,"Active","Stream Beat"
966,966,0,000000c6,f,1,1,0,"Active","Stream Beat"
967,967,0,000000c7,f,1,1,0,"Active","Stream Beat"
968,968,0,000000c8,f,1,1,0,"Active","Stream Beat"
969,969,0,000000c9,f,1,1,0,"Active","Stream Beat"
970,970,0,000000ca,f,1,1,0,"Active","Stream Beat"
971,971,0,000000cb,f,1,1,0,"Active","Stream Beat"
972,972,0,000000cc,f,1,1,0,"Active","Stream Beat"
973,973,0,000000cd,f,1,1,0,"Active","Stream Beat"
974,974,0,000000ce,f,1,1,0,"Active","Stream Beat"
975,975,0,000000cf,f,1,1,0,"Active","Stream Beat"
976,976,0,000000d0,f,1,1,0,"Active","Stream Beat"
977,977,0,000000d1,f,1,1,0,"Active","Stream Beat"
978,978,0,000000d2,f,1,1,0,"Active","Stream Beat"
979,979,0,000000d3,f,1,1,0,"Active","Stream Beat"
980,980,0,000000d4,f,1,1,0,"Active","Stream Beat"
981,981,0,000000d5,f,1,1,0,"Active","Stream Beat"
982,982,0,000000d6,f,1,1,0,"Active","Stream Beat"
983,983,0,000000d7,f,1,1,0,"Active","Stream Beat"
984,984,0,000000d8,f,1,1,0,"Active","Stream Beat"
985,985,0,000000d9,f,1,1,0,"Active","Stream Beat"
986,986,0,000000da,f,1,1,0,"Active","Stream Beat"
987,987,0,000000db,f,1,1,0,"Active","Stream Beat"
988,988,0,000000dc,f,1,1,0,"Active","Stream Beat"
989,989,0,000000dd,f,1,1,0,"Active","Stream Beat"
990,990,0,000000de,f,1,1,0,"Active","Stream Beat"
991,991,0,000000df,f,1,1,0,"Active","Stream Beat"
992,992,0,000000e0,f,1,1,0,"Active","Stream Beat"
993,993,0,000000e1,f,1,1,0,"Active","Stream Beat"
994,994,0,000000e2,f,1,1,0,"Active","Stream Beat"
995,995,0,000000e3,f,1,1,0,"Active","Stream Beat"
996,996,0,000000e4,f,1,1,0,"Active","Stream Beat"
997,997,0,000000e5,f,1,1,0,"Active","Stream Beat"
998,998,0,000000e6,f,1,1,0,"Active","Stream Beat"
999,999,0,000000e7,f,1,1,0,"Active","Stream Beat"
1000,1000,0,000000e8,f,1,1,0,"Active","Stream Beat"
1001,1001,0,000000e9,f,1,1,0,"Active","Stream Beat"
1002,1002,0,000000ea,f,1,1,0,"Active","Stream Beat"
1003,1003,0,000000eb,f,1,1,0,"Active","Stream Beat"
1004,1004,0,000000ec,f,1,1,0,"Active","Stream Beat"
1005,1005,0,000000ed,f,1,1,0,"Active","Stream Beat"
1006,1006,0,000000ee,f,1,1,0,"Active","Stream Beat"
1007,1007,0,000000ef,f,1,1,0,"Active","Stream Beat"
1008,1008,0,000000f0,f,1,1,0,"Active","Stream Beat"
1009,1009,0,000000f1,f,1,1,0,"Active","Stream Beat"
1010,1010,0,000000f2,f,1,1,0,"Active","Stream Beat"
1011,1011,0,000000f3,f,1,1,0,"Active","Stream Beat"
1012,1012,0,000000f4,f,1,1,0,"Active","Stream Beat"
1013,1013,0,000000f5,f,1,1,0,"Active","Stream Beat"
1014,1014,0,000000f6,f,1,1,0,"Active","Stream Beat"
1015,1015,0,000000f7,f,1,1,0,"Active","Stream Beat"
1016,1016,0,000000f8,f,1,1,0,"Active","Stream Beat"
1017,1017,0,000000f9,f,1,1,0,"Active","Stream Beat"
1018,1018,0,000000fa,f,1,1,0,"Active","Stream Beat"
1019,1019,0,000000fb,f,1,1,0,"Active","Stream Beat"
1020,1020,0,000000fc,f,1,1,0,"Active","Stream Beat"
1021,1021,0,000000fd,f,1,1,0,"Active","Stream Beat"
1022,1022,0,000000fe,f,1,1,0,"Active","Stream Beat"
1023,1023,0,000000ff,f,1,1,0,"Active","Stream Beat"
